{
  "training": {
    "n_clusters": 25,
    "n_samples": 500,
    "inertia": 13160.516222220922,
    "is_fitted": true,
    "timestamp": "2026-03-02T00:22:40.196243"
  },
  "evaluation": {
    "silhouette_score": 0.05298892171525651,
    "inertia": 13160.516222220922,
    "n_clusters": 25,
    "n_samples": 500,
    "cluster_sizes": {
      "0": 11,
      "1": 25,
      "2": 37,
      "3": 26,
      "4": 18,
      "5": 30,
      "6": 13,
      "7": 20,
      "8": 36,
      "9": 19,
      "10": 13,
      "11": 19,
      "12": 16,
      "13": 18,
      "14": 31,
      "15": 17,
      "16": 12,
      "17": 10,
      "18": 12,
      "19": 18,
      "20": 22,
      "21": 19,
      "22": 16,
      "23": 31,
      "24": 11
    },
    "min_cluster_size": 10,
    "max_cluster_size": 37,
    "avg_cluster_size": 20.0
  },
  "config": {
    "n_clusters": 25,
    "n_samples": 500,
    "random_state": 42
  }
}